elon musk,Present,24-06-2024 16:01
virat kohli,Present,29-06-2024 17:08
rohit sharma,Present,29-06-2024 17:08
elon musk,Present,29-06-2024 17:08
virat kohli,Present,29-06-2024 19:55
rohit sharma,Present,29-06-2024 19:55
virat kohli,Present,30-06-2024 16:46
rohit sharma,Present,30-06-2024 16:46
rohit sharma,Present,02-07-2024 15:26
virat kohli,Present,02-07-2024 15:26
kanchu,Present,02-07-2024 15:27
virat kohli,Present,02-07-2024 15:33
rohit sharma,Present,02-07-2024 15:33
kanchu,Present,02-07-2024 15:33
kajal,Present,02-07-2024 15:34
virat kohli,Present,2024-07-25 18:58:00
rohit sharma,Present,2024-07-25 18:58:03
elon musk,Present,2024-07-25 20:00:58
elon musk,Present,2024-07-25 20:17:15
